question_number,category,video,question,ground_truth,baseline_answer,baseline_score,rag_answer,rag_score,rag_retrieved_chunks
1,moving_direction,video_14393.mp4,Which direction does the purple sphere move in the video?,Down and to the right.,"The purple sphere moves towards the yellow sphere and then away from it, ending up to the right of the yellow sphere.",Partially Correct,right,Partially Correct,5.0-5.12s: The purple ball moves slightly to the right.; 4.0-5.12s: The purple ball moves slightly to the right.; 2.0-4.0s: The yellow rubber sphere moves to the right.
2,moving_direction,video_12582.mp4,Which direction does the brown cube move in the video?,Down and to the left.,The brown cube moves from the top right to the bottom left of the frame.,Partially Correct,The brown cube moves to the left.,Partially Correct,1.0-3.0s: The red rubber ball moves closer to the blue cube.; 5.0-5.12s: The red rubber sphere moves slightly to the right.; 4.0-5.12s: The red rubber sphere moves slightly to the right.
3,moving_direction,video_13609.mp4,Which direction does the purple sphere move in the video?,Down and to the right.,"The purple sphere moves from the left side of the image to the right side, then slightly upwards and downwards.",Correct,right,Partially Correct,1.0-3.0s: The purple sphere moves to the right of the gray rubber object.; 3.0-5.0s: The purple sphere collides with the blue cube.; 2.0-4.0s: The purple sphere collides with the blue cube.
4,moving_direction,video_14362.mp4,Which direction does the gray sphere move in the video?,Down and to the right.,"The gray sphere moves from the left side of the image to the right side, then back to the left.",Partially Correct,closer to the blue sphere,Wrong,0.0-2.0s: The gray sphere moves closer to the blue sphere.; 2.0-4.0s: The blue matte cube moves slightly to the right.; 4.0-5.12s: The blue matte object moves slightly.
5,moving_direction,video_11746.mp4,Which direction does the green sphere move in the video?,Down and to the left.,The green sphere moves towards the right side of the frame.,Wrong,right,Wrong,1.0-3.0s: The gray sphere moves to the right.; 2.0-4.0s: The gray sphere moves to the right.; 0.0-2.0s: The green ball moves to the right.
6,action_count,video_8686.mp4,The person makes sets of repeated actions. How many times did the person repeat the action in the last set?,4,"In the last set, the person made 3 repetitions of the action.",Wrong,2,Wrong,8.0-10.0s: The woman moves her hand up and down.; 7.0-9.0s: A hand picks up a pen from a table.; 1.0-3.0s: A woman sits at a table with her hands moving.
7,action_count,video_10205.mp4,The person makes sets of repeated actions. How many times did the person repeat the action in the last set?,2,The person made the action of picking up the spray bottle and placing it back on the table twice in the last set.,Correct,2,Correct,13.0-15.0s: The person places a book on top of another book on the table.; 9.0-11.0s: The person places their hand on the table.; 20.0-22.0s: The person picks up the remote control from the table.
8,action_count,video_10879.mp4,The person makes sets of repeated actions. How many times did the person repeat the action in the first set?,5,"In the first set of actions, the person made two sets of repeated actions.",Wrong,2,Wrong,23.0-25.0s: The person folds the paper again.; 26.0-28.0s: The person folds the paper in half again.; 24.0-26.0s: The person folds the paper in half again.
9,action_count,video_2126.mp4,How many containers did the person try to cover?,5,"The person tried to cover four containers: a bottle, a jar, a small container, and a larger container.",Wrong,4,Wrong,7.0-9.0s: The person opens the medicine container with their right hand.; 6.0-8.0s: The person opens the container of cream with their right hand.; 13.0-15.0s: The person picks up a bottle cap from the table.
10,action_count,video_10392.mp4,How many buttons did you see the person buttoning up?,5,The person buttoned up three buttons on their shirt.,Wrong,4,Wrong,27.0-29.0s: A person buttons up their shirt.; 29.0-30.38s: A hand reaches into the shirt to adjust a button.; 17.0-19.0s: The child buttons up their shirt.
11,action_localization,EK5K1.mp4,At what moment in the video does the action 'the person takes a lollipop from a box' occur?,Throughout the entire video.,The action happens in 19.2 - 24.6 seconds.,Not scored,The action happens in 32.0 - 34.0 seconds.,Not scored,32.0-34.0s: The man opens the box of the blender.; 24.0-26.0s: The man opens the box of the blender.; 31.0-33.0s: The man opens the box of the blender.
12,action_localization,L2502.mp4,When in the video sequence do we observe the action 'person fixes their hair in a mirror'?,Throughout the entire video.,The action happens in 16.2 - 20.8 seconds.,Not scored,"The action happens in 7.4 - 19.1 seconds, 23.0 - 25.0 seconds, and 18.0 - 20.0 seconds.",Not scored,23.0-25.0s: The man looks at his reflection in the mirror.; 18.0-20.0s: A man looks at himself in the mirror.; 16.0-18.0s: A man wearing glasses looks at himself in the mirror.
13,action_localization,TKAUR.mp4,When in the video sequence do we observe the action 'person reads a book'?,Throughout the entire video.,The action happens in 0.0 - 12.3 seconds.,Not scored,"The action happens in 0.0 - 24.8 seconds, 11.0 - 13.0 seconds, and 13.0 - 15.0 seconds.",Not scored,11.0-13.0s: The man continues to read the book.; 1.0-3.0s: The man reads the book.; 13.0-15.0s: The man reads the book.
14,action_localization,NBMH9.mp4,Can you identify when the action 'person sits in a chair' happens in the video?,Throughout the entire video.,The action happens in 10.3 - 24.8 seconds.,Not scored,The action happens in 22.0 - 24.0 seconds.,Not scored,17.0-19.0s: A person stands on a chair with their back to the camera.; 22.0-24.0s: A man sits on a chair and talks to someone off camera.; 0.0-2.0s: A hand moves up and down in front of the camera.
15,action_localization,J95U1.mp4,At what moment in the video does the action 'the person picked up a phone to play with it' occur?,Throughout the entire video.,The action happens in 0.0 - 12.8 seconds.,Not scored,The action happens in 24.0 - 26.0 seconds.,Not scored,24.0-26.0s: The man sits at the table and uses his phone.; 23.0-25.0s: The man sits at the table with his phone in hand.; 15.0-17.0s: The man sits at the table with his phone in hand.
16,action_sequence,6H78U.mp4,What did the person do first?,Put down the blanket.,"The person first stands in the living room, holding a remote control.",Wrong,The person moved their hands around.,Wrong,9.0-11.0s: The man moves his hands around.; 28.0-30.0s: A man bends down to pick something up from the couch.; 27.0-29.0s: A man bends down to pick something up from the couch.
17,action_sequence,OY3LS.mp4,What did the person do first?,Closed the laptop.,The person first stood in the room holding a pink frisbee.,Wrong,The man turned his head to the right.,Wrong,0.0-2.0s: The man turns his head to the right.; 32.0-34.0s: A man bends down to pick up a phone from a table.; 22.0-24.0s: The man holds the pink frisbee in his right hand.
18,action_sequence,OY3LS.mp4,What did the person do first?,Opened the laptop.,The person first stood in the room holding a pink frisbee.,Wrong,The man turned his head to the right.,Wrong,0.0-2.0s: The man turns his head to the right.; 32.0-34.0s: A man bends down to pick up a phone from a table.; 22.0-24.0s: The man holds the pink frisbee in his right hand.
19,action_sequence,OY3LS.mp4,What did the person do first?,Took the blanket.,The person first stood in the room holding a pink frisbee.,Wrong,The man turned his head to the right.,Wrong,0.0-2.0s: The man turns his head to the right.; 32.0-34.0s: A man bends down to pick up a phone from a table.; 22.0-24.0s: The man holds the pink frisbee in his right hand.
20,action_sequence,KQDX6.mp4,What did the person do first?,Drank from the cup/glass/bottle.,The person first opened the door with their right hand.,Wrong,The man in pink pants moved his hand up and down.,Wrong,3.0-5.0s: The man moves his hand up and down.; 13.0-15.0s: The man in pink pants moves his hand towards the camera.; 11.0-13.0s: The man in the blue jacket moves his hands up and down.
